	name	degree
2234	morales o.	66
1446	chen m.	62
2433	gulov artur	62
935	shokarev ivan	62
2296	zhludov alexey	62
1881	chen mian	56
2327	chen y.	56
578	suter a.	56
1865	zhang x.	50
736	glebov evgeniy	50
1116	perumalla s. v.	46
1408	shinde a. l.	46
3344	jin yan	44
220	jin y.	42
1476	bolanos m. j.	40
1511	noufal abdelwahab	40
1920	safari reza	40
449	dymov sergey	40
844	golenkin m.	38
1932	shtun s.	38
460	khakov a.	38
2239	ocheretyanyy a.	38
2715	chen z.	38
1105	fluckiger samuel	38
2814	zhang rui	38
2340	sadykov l.	38
1717	sirat m.	36
814	zhang fuxiang	36
1412	zhang xing	34
1689	liu huiqing	34
757	sierra f.	34
3256	quirein john	32
2157	rougier e.	32
1349	pankaj piyush	32
1432	zhang lei	32
303	liang xing	32
3269	castillo f.	32
391	lu y. h.	32
1028	carey j. w.	32
73	badillo v.	32
2200	el sherbeny wael	32
1676	viswanathan h. s.	30
2698	viswanathan h.	30
1316	shabalinskaya d.	30
1669	pyankov k.	30
2680	shtun a.	30
1449	melendez l.	30
2069	zakharov i.	30
929	omar marwa	30
1678	mutlu uno	30
2045	gorshenina o.	30
1161	shirshov a.	30
2779	taha mohammed	30
717	wang lei	30
2491	briner andreas	30
103	makhambetov a.	30
2798	porter m. l.	30
3182	vargas pablo e.	30
2920	fitsner a.	30
2916	kuzakov v.	30
1953	nadezhdin sergey	30
36	shtepin d.	30
90	vasilyev d.	30
143	sosedkin dmitriy	28
2451	sepehrnoori kamy	28
123	zhernakov vladimir,	28
129	garcia m.	28
131	jiang hailong	28
1233	fornasier i.	28
1566	zadvornov dmitriy,	28
142	zadvornov dmitriy	28
551	petrakov yuriy,	28
1506	truba andrey	28
1228	naranjo m.	28
86	navarrete j.	28
2057	pavlov valeriy	28
3164	zhao chunduan	28
1990	ivashin maxim	28
2663	vega j.	28
1934	bauer s. j.	28
356	delgado p.	28
354	sobolev alexey,	28
2856	ivashin maxim,	28
2828	henson r.	28
2805	paladines a.	28
1406	zhernakov vladimir	28
400	grachev oleg	28
2314	steiner stefan	28
24	falser simon	28
1418	petrakov yuriy	28
2022	gordon c.	28
1924	grachev oleg,	28
34	sobolev alexey	28
2398	valbuena franklin	28
1956	pavlov valeriy,	28
3031	gaynanov ilnur,	28
1674	gaynanov ilnur	28
2700	bourge j. p.	28
1965	dymov sergey,	28
3300	sosedkin dmitriy,	28
2211	lafournere j. p.	28
42	truba andrey,	28
425	sanchez m.	28
1237	elrafie emad a.	26
1005	karra s.	26
2145	vassilellis george	26
604	shaikh hamza	26
2900	morris j. p.	26
1838	pastrana w.	26
1574	lomas j.	26
2521	spain david r.	26
601	gray james	26
1184	sharma mukul m.	26
1938	cherian bilu v.	26
1042	gu ming	26
775	narasimhan santhosh	26
1387	olaoye olubiyi	26
2302	russell s. duffy	26
2422	vallejo r.	26
3060	prioul r.	24
1842	weng xiaowei	24
2885	domingues glauber t.	24
1415	zhang hui	24
2547	smith megan m.	24
1002	walsh stuart d. c.	24
1660	rodriguez r.	24
510	patel hemali	24
1213	marsili marcelo d.	24
1100	vericella john j.	24
1798	nogueira luiz m.	24
321	carroll susan	24
2819	jiang h. l.	24
2035	merletti german	24
2098	heleno ademir	24
3134	duoss eric b.	24
389	du frane wyatt l.	24
1821	rausis mauro g.	24
1501	hadden joram	24
1238	salies jaques b.	24
2119	shahri mojtaba p.	24
316	swanson john	24
2043	yang xiangtong	24
1627	stolaroff joshuah k.	24
2253	siqueira jorge r.	24
1658	wang haihong	24
2101	sebastian herb	24
1023	moreira marivaldo b.	24
3208	dou xiangji	24
677	smith william l.	24
755	yuan xuefang	24
1783	cadwallader stephan	24
437	lowrey terry	24
3072	spain david	24
3211	luo fang	24
1641	malpani raj	24
369	de oliveira jessica f.	24
2407	sun tie	24
3204	bourcier william l.	24
371	spadaccini christopher m.	24
1376	yang s.	24
1792	aines roger d.	24
233	roy pratanu	24
8	miller raymond	24
1030	zhang y. y.	24
905	gil ivan	24
2684	pedroso carlos a.	24
3085	roberts jeffery j.	24
2479	aguiar rogerio	24
940	luz pedro r.	24
2162	liborio fernando	24
1662	wampler jeff	24
918	graff mitchell	24
693	huang jian	22
2781	leal j.	22
2697	awan kamran	22
205	li yang	22
1765	geng z.	22
1458	lapin vasily	22
2972	rifia rafif	22
1957	mjeni rifaat	22
988	austin jack w.	22
660	hyman j. d.	22
232	alekseenko olga	22
2305	panhuis peter in 't	22
686	koutsabeloulis nick	22
2678	mustafina daria	22
2420	mccleary matthew	22
2666	han xingjie	22
3048	judd tobias	22
2033	samie mohamed	22
494	cai zhenzhong	22
413	potters hans	22
776	sanchez h.	22
3321	deitrick greg	22
2717	azim shaikh abdul	22
1565	groen lex	22
2865	chen l.	22
3149	gurmen nihat	22
858	makendonska n.	22
2356	kang q.	22
1071	bakker goos	22
848	cherny sergey	22
2064	hemink gijs	22
2503	aki ahmet	22
2545	kuranakov dmitry	22
2537	bundy brent	22
97	edwards sarah	22
2223	kublik kristina	22
2823	nieswiadomy nathan	22
579	abdulkarim anar	22
1825	jimenez j.	22
2869	ouenes a.	22
3138	currier r. p.	22
2358	horst juun van der	22
2313	rajhi salma	22
1090	al ameri f.	22
2853	du x. y.	22
3351	yang haijun	22
399	zhou l.	22
3135	al-bulushi nabil,	22
1433	hernandez t.	20
428	wu keliu	20
1704	dasgupta suvodip	20
2394	mody f.	20
1976	mohamad a. a.	20
1153	inoue n.	20
3345	bracho l.	20
3348	raina ishan	20
347	xu yongjun	20
3298	vantala a.	20
2743	zhang k.	20
2840	amin m. haggag	20
2354	lafournere j-paul. b.	20
2922	edwards henry ewart	20
1131	bravo j.	20
1745	el gazar a. l.	20
1702	edris m. a. ali	20
2326	luo yin	20
3318	wen cheng	20
1923	hernandez j.	20
1901	aziz faiza	20
1900	shabaan mohamed	20
16	shaver michael alexander	20
739	salahahuddin a. a.	20
3335	chen zhangxin	20
1085	lu yunhu	20
323	al katheeri yousif	20
1826	amann f.	20
2806	chen zhipeng	20
414	sumaida s. a.	20
1003	pritchard tim	20
687	cornielis j.	20
2875	corozo o.	20
2887	bourge j-p.	20
2208	frohlich c.	20
2456	leon m. naranjo	20
795	ochoa j.	20
765	shan qinglin	20
531	al shabibi t. a.	20
2674	baxter s.	20
1524	kumar r.	20
1272	kvalvaag edvin	20
2267	dusseault m. b.	20
2143	hager b. h.	20
3288	wang gaocheng	20
1203	girinathan sajith	20
502	reeder s. l.	20
3033	korneva d. a.	20
1210	astiz l.	20
1650	lin hai	20
1645	boyd douglas alexander	20
145	bringer f.	20
2625	fontoura s. a. b.	20
190	burch connie	20
3262	magagnini l.	20
903	padron g.	20
1579	han shim yen	20
1259	sirat manhal	20
3216	gamboa m.	20
942	jiao yajun	20
2112	sanchez b.	20
3008	shaw j. h.	20
3133	syofyan s.	20
1552	dieterich j. h.	20
671	hartley l. j.	20
154	plesch a.	20
637	colombo f.	20
953	batmaz taner	20
2522	wang yue	20
1675	wu wei	20
3254	juanes r.	20
667	zhou xin	20
3025	jha b.	20
239	kustanto sigit	20
2184	susanni d.	20
591	casanova o.	20
2524	romero d.	20
2612	angel j.	20
2811	yuan fang	18
852	popa d.	18
708	albani danilo	18
2458	liang lin	18
2565	carol ignacio	18
2567	nazargalin e.	18
2720	ofield william	18
571	kretsul vyacheslav	18
627	paz f.	18
2167	wen liangfan	18
2538	guan yuting	18
377	butt s. d.	18
2237	boyd austin	18
372	lakshmikantha m. r.	18
585	mejia camilo	18
1036	das kamal c.	18
1038	rabanal j.	18
2520	leaney scott	18
2844	rokahr r. b.	18
828	chen sheng	18
1040	mello u.	18
2337	hachelaf houari	18
620	macgregor a. l.	18
398	horvath p.-l.	18
784	fursov g.	18
999	shetty sushil	18
483	hansen f. d.	18
990	noufal a.	18
1999	wang zhimin	18
661	salas j.	18
2390	hamdane toufik	18
983	valeeva e.	18
2406	forno luca dal	18
436	rutledge jim	18
750	howat craig	18
2735	nussbaum c.	18
442	kondarev vitaly	18
462	tapia d.	18
1977	li chao	18
2397	mutlu ovunc	18
453	holzner m.	18
2383	cen xueqi	18
2414	guedes ana beatriz	18
2131	fragola daniele	18
488	britton alan	18
875	quirion m.	18
2594	slabetsky a.	18
2329	ma xiaodan	18
2093	sirju clive	18
2263	al-marzooqi abdul mohsen m.	18
2609	won jonghwa	18
2315	jones michael	18
2613	saldungaray pedro	18
516	al badi bader saif	18
2627	dobrokhleb pavel	18
2050	xi guifen	18
2307	gonzalez nubia a.	18
2426	yu xin	18
2026	bouhlel a. m.	18
2764	zeroug smaine	18
902	du xiaoyu	18
2338	sandha sandeep s.	18
99	petteruti ernesto	18
136	fleig s.	18
1556	wang shan	18
3192	ausas r.	18
1290	mccarty reid s.	18
1708	wassermann j.	18
3202	xia jing	18
101	chen yihe	18
1149	zapf d.	18
267	wang jun	18
1722	sinha bikash k.	18
2965	davletbaev a.	18
1736	ivaschenko d.	18
3248	gokaraju deepak	18
3253	yamalov i.	18
88	rodrigues e.	18
281	nielsen jacob	18
1750	hammer j.	18
2945	leong sook ting	18
1494	koutsabeloulis n. c.	18
2929	lecoq thierry francis	18
252	mais nassim el	18
3179	ghassemi ahmad	18
69	allal mohammed a.	18
1673	zander-schiebenhofer d.	18
3092	donadei s.	18
191	wang hao	18
3095	tan willy	18
1211	mohamad r.	18
1652	fedotov andrey	18
3110	latronico roberto	18
1656	bravo o.	18
3125	fedorov a.	18
1198	habashy tarek	18
1244	heidari babak	18
1196	donovan michael	18
223	labbassen nabila	18
1245	glebov evgeny	18
1190	carpineta gabriele	18
3037	zadvornov dmitry	18
1665	asalkhuzina g.	18
1666	onda hitoshi	18
3156	seguraserra s. s.	18
1589	djuraev o.	18
1775	pang zhanxi	18
1629	duhault john	18
3329	mavromatidis angelos	18
11	almeida r.	18
3306	park jong-sik	18
326	simoes vanessa	18
1374	donald adam	18
1417	afifi hassan al-husseiny	18
1414	pollok l.	18
1409	staudtmeister k.	18
3303	sergeychev a.	18
1810	sufian amirasariyati	18
311	sun jianchun	18
3331	mora l.	18
1405	gland nicolas	18
1102	fadipe o. a.	18
1843	nouri alireza	18
2923	soliman mohamed	18
3	lisjak a.	18
3355	rodriguez jose	18
539	zhang f.	16
564	good douglas	16
178	jin guodong	16
3146	amjad kashif	16
179	bustamante c.	16
560	korelskiy e.	16
738	baqer yousef	16
864	wong g. k.	16
2154	han yanhui	16
538	abbott j.	16
31	reinoso g.	16
3308	kerr preston	16
182	hao jun	16
1575	al-mansoori a. m.	16
3177	kaneko m.	16
745	loyola r.	16
576	zacharski j.	16
577	al-anezi salah	16
2374	helja emina	16
556	garzon jorge l.	16
529	ahsan syed asif	16
1612	bunger a. p.	16
1867	hussain t.	16
2113	barton c. a.	16
2332	nath saswata	16
2116	zhang j.	16
3336	hector paul d.	16
2117	vargas a.	16
3111	lopez d.	16
546	adesanya akindele	16
2102	handwerger d.a.	16
2142	germay christophe	16
174	chesser kevin	16
1404	hu quan	16
1277	hughes gary	16
2135	castro ponce de leon m. f.	16
2097	orozco ruperto	16
728	digiovanni digiovanni	16
2316	borgos h.	16
2580	holliday alan	16
1470	zeng c.	16
587	holt r. m.	16
842	esquivel raul	16
2240	lee roger	16
3239	villanueva g.	16
2401	lin jincheng	16
1311	golubtsov r.	16
3283	armas c.	16
3250	ruiz y. lopez	16
783	zvyagin v.	16
1450	bansal abhishek	16
638	el-desouky waleed	16
2454	smith jordan	16
779	wang hanyi	16
1454	el-taha y-c.	16
2409	harrasi o.	16
3257	tayo m.	16
762	joyce s. j.	16
2441	alhosani sabah	16
2435	zhou y.	16
3263	gil jose	16
1321	santacruz carlos	16
2274	pan y. j.	16
2430	el-sawy ahmed	16
3274	abou-qammaz lamya	16
72	hennes andrew	16
1468	singh amit	16
52	tong xiaolan	16
624	krawiec d.	16
841	burgos j.	16
2481	zawila jeff	16
584	liu hongtao	16
2289	abbas moufid	16
832	al-foudari saud j	16
1425	el gihani m. a.	16
685	grood rudy de	16
3189	virues claudio	16
2196	mahalanobis partha	16
602	mejia e.	16
40	franco bernardo	16
2386	rabinovich michael	16
1541	wunderle marcus	16
2203	vela i.	16
41	luo haishan	16
1536	azim shaikh a.	16
811	reda taha m. m.	16
808	rodriguez alejandro	16
1529	al-wadhahi t.	16
2229	al-mutwali o.	16
1303	suarez-rivera r.,	16
2231	busaidi s.	16
47	kuroda s.	16
1517	saleh khaled	16
2078	ismail ahmed	16
1873	guglielmi y. g.	16
3106	ingraham m. d.	16
357	thakuria nabajyoti	16
1904	xie yinfu	16
3002	burghardt jeffrey	16
1917	egas a.	16
1167	tatone b. s. a.	16
1793	walker rick f.	16
457	burdette jason a.	16
1912	plemons patricia a.	16
2905	dale bruce a.	16
3012	yarubi s.	16
1173	savitski a. a.	16
334	lopez m.	16
279	valisevich a.	16
1679	broome s. t.	16
314	touny shrief el	16
1668	al benali k.	16
1993	galal mohamed	16
1823	zhou qiang	16
1183	le calvez j.	16
2013	prugar w.	16
454	zhang zhiwei	16
2724	lele suvrat p.	16
1982	goudge rohan	16
1980	baycroft perry	16
2750	zett adrian	16
427	gutierrez m.	16
2955	abdelhamid atef	16
2946	betancourt a.	16
1124	zhao xinjun	16
2970	zhou xiaoxian	16
2931	stormont j. c.	16
1960	arson c.	16
976	liu shujie	16
1150	imtiaz s.	16
2768	lucas jennifer l.	16
2769	pour rohollah a.	16
1972	wang jing	16
1154	castaneda-aguilar r.	16
2726	abdullah meshal	16
2773	richard thomas	16
1787	stockey david	16
231	akbari a.	16
1680	aboujmeih h. f.	16
1742	hofmann michael	16
2667	qiu kaibin,	16
375	matteo e. n.	16
2626	kline william e.	16
1031	searles kevin h.	16
3081	bayer sebastian	16
1218	dahl g.v.	16
1052	sanz pablo f.	16
2628	khesroh sawsan	16
2863	galea francia	16
2038	el-moniem mohamed abd	16
2835	soto thomas	16
2040	wen h.	16
3054	agawani waleed	16
3079	al-blayyes mariam m.	16
1217	far mehdi e.	16
1883	velasquez i.	16
1050	eltilib m.	16
2053	koksalan tamer	16
2821	digiovanni anthony	16
2842	titchmarsh howard j.	16
2622	al-sarraf adel	16
1846	dong jianyi	16
219	keshavarz alireza	16
350	riofrio k.	16
3041	zhang y. c.	16
187	hsu sheng-yuan	16
1068	buniak a.	16
224	ames b. c.	16
1480	zhang zhenghong	14
1035	li l.	14
992	jiang hongwei	14
768	montoya veronica	14
1509	dmitry kuranakov	14
773	osorio h.	14
1319	dupuis b.	14
994	othman mohamad	14
2334	al-mayyas e. a.	14
1766	qiu fangda	14
1126	osorio h. a.	14
2270	cabrera salavarria jose ramon	14
720	xu jian	14
1007	wild lorraine	14
1754	turky huda a	14
1756	richard p.	14
1022	aziz al-failakawi abdul	14
1112	hampton j. c.	14
1384	lavrov a.	14
1421	ulloa p.	14
2308	murthy n.	14
1019	wu y.	14
1077	koepsell r.	14
1899	guit f.	14
1827	liu y.	14
1844	yang h. l.	14
1429	pope timothy l.	14
2301	minton james	14
1813	shi xiaoyan	14
1437	erarslan n.	14
2300	rahim zillur	14
1848	wu k.	14
1357	mondol n. h.	14
1355	ismail saher	14
1850	hakami a.	14
1915	andreas briner	14
1795	al-anazi hamoud	14
1460	asiri k. s.	14
1341	sergey nadezhdin	14
1339	meredith philip	14
2290	diaz lenin	14
760	abdullah m.	14
1851	mahabadi o. k.	14
1419	bazargan mohsen	14
1032	wang kai	14
1053	munoz d. h.	14
1918	lu guanghui	14
2081	levarlet x.	14
1313	aidagulov gallyam	14
871	langton david	14
1661	shu honglin	14
939	camacho g. e.	14
1597	herrera adrian	14
2018	guerrero m. s.	14
1252	estilette f.	14
2017	bartko kirk	14
861	he liu	14
1595	ji bingyu	14
1591	song peng	14
1590	aliyev ali	14
2003	bentham peter	14
1264	zheng zijun	14
1266	korosa m.	14
1571	tan chee phuat	14
1992	oyatomari c. g.	14
2141	raslan samir	14
1197	dou x.	14
1568	yahaya i.	14
1199	rutqvist j.	14
1630	jing g.	14
2077	anis apollinaris stefanus	14
1635	tan xuequn	14
899	ogebule o. y.	14
1221	herrera o.	14
1628	guan baozhu	14
892	porcu matteo marongiu	14
2103	huang yongjie	14
920	arshad umar	14
1208	riji chen	14
2044	press david	14
1655	jiang y.	14
880	ghadimipour a.	14
2122	huo zongqiang	14
1202	zhang zhao	14
954	oke a.	14
955	chamorro d.	14
787	mohammad sayeed	14
1712	taha m.	14
1532	zou daiwu	14
967	zhao x.	14
1714	narhari r.	14
1631	teff joe	14
1528	al-shamali a.	14
1146	liu m.	14
1309	mansour mohamed	14
1719	holliday a.	14
1735	kidambi v.	14
1738	zhou m.	14
2247	pattnaik c.	14
2248	mahesh arathi l.	14
1312	geetan steve	14
789	hand richard	14
1945	franco r. s.	14
2219	nihat gurmen	14
817	dananjaya wiryoutomo marenda	14
956	martinez g.	14
1296	vega torres j.	14
1989	benali k. al	14
1279	aichele clint p.	14
840	li qinghui	14
1690	bustamante v.	14
2183	maurer r.	14
1282	chalaturnyk r. j.	14
1987	erthard l.	14
1284	li shiyin	14
1984	trubienko olga	14
1285	kouba gene e.	14
1287	al-sammak i.	14
2194	sun hongjun	14
2195	wang haiying	14
2199	xu tong	14
1289	gomez j. m.	14
1968	al-mulhim n. i.	14
2377	feng yuliang	14
714	kelkar aniruddha	14
2745	cheng y. f.	14
422	lovrincevich eliana	14
2761	sergey cherny	14
408	archard g.	14
2786	saukova olesya	14
2789	jabbari h.	14
2796	davila d. f.	14
396	solis ivan	14
393	pombo r.	14
392	borell jarret	14
2810	setiawan ngurah beni	14
382	channa s.	14
373	licitra diego	14
2841	moronkeji dee	14
2847	masoudi rahim	14
340	bai baojun	14
2876	li h.	14
2891	esparza r.	14
2901	naranjo leon m. a.	14
2909	barasia a.	14
2913	skurtveit e.	14
305	zhu h. h.	14
291	xian chenggang	14
2930	mahmoud moustafa	14
2943	zhang l.	14
282	geilikman m. b.	14
2753	sebakhy k.	14
2737	gee m.	14
2523	vasily lapin	14
445	olga alekseenko	14
2536	deng yong	14
2554	elliott brendan	14
2558	baki s.	14
2562	karkooti hooman	14
545	zhao qing	14
2592	franquet javier	14
530	liu p.	14
527	vittore franco	14
2614	ostadhassan m.	14
513	yang pin	14
508	shannon coleen	14
507	gabrielsen r. h.	14
499	omar m. g.	14
2656	zhang shiyang	14
2665	jain bipin	14
487	medina d.	14
480	zhou yingcao	14
2688	al ruwaished azmi	14
2689	daniel alden b.	14
470	bourge j. -p.	14
464	yunuskhojayev a.	14
459	faleide j. i.	14
2716	ahmed a.	14
2725	avellan f. j.	14
2729	liang j.	14
2950	ramzan muhammad	14
2953	afolabi f.	14
2960	hauser ken	14
2977	el waseef mohamed	14
128	ruiz c.	14
3195	elsworth d.	14
3196	sadykov a.	14
3200	dashti q.	14
3201	el touny s.	14
3207	berard t.	14
3224	lavenson david m.	14
3236	fakhimi a.	14
3237	li qingfei	14
3242	oviedo pablo	14
87	fidan erkan	14
82	elmo d.	14
80	lafournere j. -p.	14
75	florez juan chavez	14
3266	hasan ibrahim	14
59	womack tanner	14
58	horsrud p.	14
56	zhou c.	14
55	tors<u+00e6>ter o.	14
49	gomez j.	14
3290	liao x.	14
3305	barasia ankur	14
28	hou b.	14
25	habibpour mahdi	14
23	greenlees bill	14
132	mohamed abdul samad zamzam	14
3180	mahalanobis p.	14
138	el kasrawy gamal	14
211	monti luciano	14
2987	guo x.	14
254	esipov denis	14
3006	liu xiao	14
247	wan xuepeng	14
3019	li linlin	14
238	pirie i.	14
235	al ajmi n.	14
3032	jeffrey r. g.	14
230	yang guang	14
3034	alward wassem	14
3046	zhai xiaoqiang	14
3057	gudmundsson agust	14
3170	huang c.	14
3059	zhang yang	14
3067	fattahpour vahidoddin	14
198	lee r.	14
3082	quiroga juan	14
188	ruiz r. e.	14
186	chang frank f.	14
176	al-sarraf a.	14
171	whiteley james r.	14
168	macdonald richard	14
3139	tong yanming	14
3142	subramani hariprasad j.	14
2528	kanneganti kousic	14
1400	hong a.	14
633	pepple b.	14
629	chen n.	14
2431	chan keng seng	14
2490	nnebocha e.	14
691	al-jalal ziad	14
618	dial paul	14
2446	qiu kaibin	14
2381	wen x.	14
2493	laguna a.	14
598	juan chavez florez	14
2476	shim y.	14
656	grande l.	14
608	spagnoli g.	14
628	verma n. k.	14
2359	inskip nathaniel forbes	14
1395	caselles m. gomez	14
2402	zou zhipeng	14
611	cai j.	14
2400	trapuzzano r.	14
3024	howard cameron b.	12
2967	kasperczyk d.	12
2279	zhang xuhui	12
1718	watson m.	12
268	wan jun	12
1143	curry d.	12
662	diederichs m. s.	12
1186	kayumov rifat	12
761	merie ibrahim	12
2280	ning zhengfu	12
1664	chenggang xian	12
226	freudenthal t.	12
2962	galindo d.	12
2418	el sebaee mohamed	12
1743	diao ce	12
1191	moos d.	12
1749	yuan liang	12
1125	xu weixin	12
1715	sahib mohammad raffi madar	12
2988	obot etido rufus	12
764	deshpande kedar m.	12
3023	sun zhifan	12
2288	bavadiya v. a.	12
3018	hu yuxia	12
241	xiao liu	12
1180	clemens torsten	12
658	nuic ivo	12
3016	dobrokhleb p.	12
2286	ansarizadeh m.	12
249	wang shuyun	12
3027	omeragic dzevat	12
648	garagash i. a.	12
1703	blair erika	12
1705	frash l. p.	12
1707	ahumada c.	12
259	dymov s.	12
2989	rojas jose	12
1693	turky huda a.	12
293	el kammar m.	12
2937	lin b. t.	12
2455	kibe j. m.,	12
2890	wu jun	12
1074	zhong he	12
332	ramanathan v.	12
635	rodriguez-herrera a.	12
2872	li d. d.	12
1847	castaneda mikriukova e.	12
785	spivey benjamin	12
1849	elliott david	12
341	cunningham a. b.	12
1857	zhou junbing	12
1862	eshraghi h.	12
1864	nikonov a.	12
348	miller camron k.	12
1051	li zhitao	12
349	samir mohamed	12
2852	zhang kai	12
1869	cao fei	12
1045	al-muntasheri ghaithan a.	12
1874	ahmed r.	12
2848	wang di	12
363	hou tengfei	12
1078	zhou mi	12
324	chiotoroiu maria-magdalena	12
1762	maki musaed yaseen	12
322	aljubran m. j.,	12
643	dubovskaya a. v.	12
663	le h. n.,	12
1776	barraza jesus	12
2927	weixler l.	12
2189	darwish m.	12
2921	falcao f. o. l.	12
2919	chen g.	12
2917	hassanzade m.	12
2449	al-anzi abdullah motar	12
2910	zhmodik a.	12
1099	bailey jeffrey r.	12
2907	owens michael	12
1802	el gihani mahmoud	12
1808	lei z.	12
2902	zhiming chen	12
2257	delshad mojdeh	12
1820	kruptsev a.	12
1088	ghavidel a.	12
1822	rezaee ali	12
2894	alruwaili k.	12
1084	damjanac b.	12
3045	rabanal j. c.	12
2525	weiyan ren	12
3051	chok hamed	12
1455	al riyami qassim	12
3281	tarasov o.	12
1343	lautenschlager c. e. r.	12
1342	liu changling	12
3280	kager s.	12
1463	huang jianyi	12
1338	storteboom o.	12
67	soriano arambulo v. h.	12
1475	tikhotskiy s. a.	12
1477	liang hongbo	12
71	sun yiliu	12
1482	chunduan zhao	12
1492	gerlach r.	12
74	lu xiaobing	12
1324	newell p.	12
1500	hu yuan	12
77	okoro frank	12
83	soares a. c.	12
1510	ye yuguang	12
732	smith clayton	12
3251	schaubs p. m.	12
1515	bravo j. l.	12
61	guo hongyan	12
3282	pais darren	12
1657	harrasi othman	12
1452	xinwei liao	12
1402	lin botao	12
3346	glover ken	12
14	gutierrez f.	12
17	hou bing	12
3325	wang y.	12
2335	kear j.	12
3320	carrapatoso c. m.	12
3319	zhou yu	12
3310	dikko mustapha	12
35	gawankar kiran	12
38	schouten j.	12
1424	fluckiger samuel d	12
710	lu g.	12
3299	chalaturnyk r.	12
1366	ding yunhong	12
1434	pastusek paul	12
3285	couples g. d.	12
53	yang shuai	12
2357	kiewiet l. h.	12
1353	bauer a.	12
1451	weng dingwei	12
698	finkbeiner thomas	12
1522	glubokovskikh s.	12
104	perez michi o.	12
696	finkenzeller s.	12
1601	sheng j. j.	12
1247	michael k.	12
1605	yudin a.	12
747	yin guoqing	12
1239	christy s. m.,	12
2391	zeng jun	12
1235	parker s. scott	12
1626	spangler l.	12
679	al shaikh nasser sadiq a.	12
180	hoekstra t.	12
1227	ji dongqi	12
3089	cook t.	12
2299	milenkiy a.	12
1642	uwaifo e. c.	12
3080	gaocheng wang	12
1646	vasquez m.	12
1649	li bingjian	12
201	phillips a. j.	12
203	sobolik s. r.	12
1037	naby mohamed abdel	12
209	righetto g. l.	12
155	li q.	12
3160	wang liwei	12
1588	delle piane c.	12
126	wang x.	12
1301	chuprakov d.	12
1530	muravyev a.	12
3203	porter m.	12
694	amorocho claudia	12
1543	razumniy m.	12
1544	ji j. x.	12
1547	liang baosheng	12
1553	florence f.	12
125	xiaoliang zhao	12
127	kim youngho	12
1261	vargas e. a. jr.	12
1276	el-taha yasin	12
1273	dewhurst d. n.	12
744	gao chunliang	12
3174	hossain muhammad shazzad	12
2306	salviato m.	12
1576	gjertsen ole jacob	12
147	velloso r. q.	12
148	mack m.	12
1262	rao jonna dayakar	12
1204	hull katherine l.	12
2857	rui zhang	12
1939	barnes w.	12
2509	heidari m.	12
2604	chen peisi	12
2510	esposito r.	12
435	abousleiman younane n.	12
2233	kirksey j.	12
2581	yu lei	12
869	mohamed nelly	12
2031	liang c.	12
982	hosemann peter	12
432	al-hakim mohammad	12
528	madrunero c.	12
2669	molgaard j.	12
2574	lizhi wang	12
900	zhang y.	12
2584	jin t.	12
863	zhukov s.	12
2088	narhari srinivasa rao	12
1946	ahmed r. m	12
2516	woollard m.	12
2749	al alqam amin	12
2751	stalker l.	12
1942	aguilera roberto	12
860	laronga rob j.	12
2484	keshavarz a.	12
2152	jiehui zhang	12
609	videla c.	12
2190	chowdhuri sankar	12
978	mccleary matt	12
813	mehrgini b.	12
855	dewers t. a.	12
962	al-ashwak samar	12
2706	griffin cameron	12
2504	egorova e.	12
469	lan zhongxiao	12
2106	ngezelonye alda	12
540	perez perez v. h.	12
2114	hercus samuel	12
2693	langhi l.	12
884	al-nakhli a.	12
535	profit m. l.	12
2004	gouda mohamad	12
2593	sheng simiao	12
451	xu yun	12
963	dabyah ali al	12
894	pyatov i.	12
2226	fang z. x.	12
1978	suri ajay	12
2728	ma. j. j.	12
478	ascencios alban e. d.	12
610	kamar ahmed	12
547	dashti qasem	12
877	aidagulov g.	12
2129	liu lele	12
2734	zhao huawei	12
1967	jopling jacquelynn	12
974	niknejad m.	12
548	lievois j.	12
2155	mohammad tarek abdel gawwad	12
2107	bayuk i. o.	12
854	lee w. j.	12
2245	lourenco a.	12
793	garcia g.	12
849	jun min jung	12
2549	perdomo m. e. gonzalez	12
2623	ji yuchen	12
501	berezina i. a.	12
2645	badalyan a.	12
1903	benny praveen joseph	12
2470	onyia jennifer chioma	12
2816	chakravorty sandeep	12
2642	ufondu a.	12
1886	pettengell katherine	12
2822	kiewiet m. c. d. n.	12
574	tan peng	12
1895	boskovic d.	12
2048	changano h.	12
381	zhang xudong	12
504	kretsul v.	12
2529	zhu yongfeng	12
1024	hiebert r.	12
519	ablaev a.	12
788	zhao tianyi	12
2763	gomez s. p.	12
2766	jon yan	12
2179	chen yong-hua	12
915	otoo james n.	12
1034	mira ali	12
1000	estrada vera e. o	12
1926	payette gregory s.	12
2483	watson a. a.	12
2471	poclin h. r.	12
2552	detwiler r. l.	12
2158	xing liang	12
838	abdallah khalid	12
2770	tianyi zhao	12
2086	rahman khalil	12
402	memarian h.	12
2215	fragachan francisco	12
606	lin qing	12
2212	yates malcolm	10
1604	zhao shankun	10
2624	dawson william	10
3151	grave e.	10
2312	sharma s. s.	10
3148	mok c. m. w.	10
3145	kataoka minami	10
2600	bradley tom	10
3198	murillo guillermo gutierrez	10
2056	morris joseph p.	10
2599	leem junghun	10
2379	kallu r. r.	10
1600	zhao guang	10
2506	chen q.	10
1562	mills m.	10
3154	hutchings lawrence	10
1581	yarus j. m.	10
2611	david c.	10
3168	leitch michael	10
2382	wei yizheng	10
1569	dahl j.	10
1540	gandikota raju	10
3181	soltanzadeh mehrdad	10
1567	kizil m.	10
2617	chalmers frances	10
3185	gao guohua	10
3161	yan bicheng	10
2311	you qing	10
1587	torres m.	10
1563	leon javier mendez de	10
2606	an cheng	10
2100	pavlidis d.	10
3188	wodu ebimobowei k.	10
2075	winograd e. a.	10
3191	jimenez-martinez j.	10
2603	schermer p. j.	10
2074	wong f. k.,	10
2834	mccarty douglas	10
1504	aminossadati s. m.	10
2598	singhroy vern	10
2539	killough john e.	10
2324	sinha shekhar	10
2553	hull robert	10
2362	barnard c. k.	10
3284	valbuena f.	10
1447	gout c.	10
2161	wang huaqun	10
1440	meighan hallie	10
1438	wu kan	10
2355	gray k. e.	10
2333	ouyang zhenhua	10
2542	hayatdavoudi a.	10
2164	baba christine	10
1427	bubach b.	10
2166	lee s. s.,	10
2517	rahman sheik s.	10
1535	fayed mohamed idris ben	10
2533	ramalho j.	10
2353	pan z.	10
2168	li junliang	10
1416	lindsay craig	10
2348	ji missy	10
3322	dong z. y.	10
3324	chen cheng	10
2170	zhu meng	10
1407	chinchayan gustavo	10
2173	medellin felipe	10
3332	sinosic brian	10
2174	pfeil s.	10
3341	medina r.	10
2178	cardiff philip	10
1456	katoozi kia	10
2557	navarette mike	10
1462	cusatis g.	10
2151	noik c.	10
3210	befus robert alexander	10
3217	matzar luis	10
2596	asquith george	10
1526	al-arouj m. a.	10
3233	thompson scott	10
2375	alvarez j. p.	10
2512	zhang xiang	10
2515	boukadi f.	10
2372	shulkin y.	10
3244	xiang j.	10
2121	geilikman mikhail b.	10
2320	mendoza alvarez m.	10
2322	chuya e.	10
1607	maxwell s.c.	10
3265	martin c. d.	10
2323	pugnaloni l. a.	10
2590	lijun mu	10
2134	otoh george a.	10
2588	heinemann niklas	10
1487	bowe ediri	10
1485	rojas carolina henriquez	10
1479	han gang	10
2577	naidu raja	10
2368	ecker s.	10
2576	bruno lopez a.	10
3272	murphy eric	10
1465	morsy ahmed	10
2147	gakhar kush	10
3277	cho sang-ho	10
2384	fj<u+00e6>r e.	10
2218	ozbayoglu e.	10
1610	stepan m.	10
1807	danesh n. n.	10
1951	lampe b.	10
1947	macphail keith	10
1770	badessich m. fernandez	10
2928	al-ameer ahmed	10
2748	alqahtani ghazi	10
1790	al-abbad mustafa	10
2914	muller s.	10
1794	khattak m. j.	10
2754	goodfellow s.d.	10
2758	al-kharraa hamad	10
1796	chorney d.	10
2258	za'ba m. a. z.,	10
2759	bakhtiary e.	10
1929	aarons lee r.	10
1801	wei like	10
2439	liang x.	10
2746	fidan e.	10
1757	anqi li	10
2741	carlevaro c. m.	10
1730	lempges jake	10
2738	fischer timothy	10
2277	alzahabi ahmed	10
1737	gomez f.	10
2958	he wei	10
1740	glanville jonathan	10
1744	chatterjee avirup	10
2933	xu feng	10
2951	setiawan ade surya	10
2432	schmidt douglus r.	10
1751	latham j.-p.	10
2944	celma rafael	10
1955	quintana e. c.	10
1755	karpfinger f.	10
2760	monge a.	10
2898	khaksar abbas	10
1970	lili xu	10
2897	garza d.	10
1855	cheng yuanfang	10
1859	flint g.	10
1893	wild k. m.	10
1892	yang yu	10
2858	alvarez j.	10
2345	kravets j.	10
1891	shi xian	10
2825	kalenchuk k. s.	10
1868	donald j. a.	10
2851	supriyanto erick	10
2829	al-kanaan adnan	10
2831	lopez b.	10
1880	zhou s.	10
2255	chen jin-jian	10
2846	samsonov sergey v.	10
1852	bhaisora devesh	10
2861	tingay m.	10
2460	beckner b. l.	10
1832	kumar rajeev	10
2895	dobson patrick f.	10
2775	khoo c. y.,	10
2244	stannard james	10
1828	ning yu	10
1829	grob m.	10
1908	bloys b.	10
1837	cruz leonardo	10
1894	fox amy	10
2800	saunders j. ryan	10
2889	martysevich vladimir	10
1841	tors<u+00e6>ter m.	10
2888	abad f.	10
2871	al-obaid osama	10
2867	eichler c.	10
1724	bustamante giovanni	10
2975	sherman c. s.	10
3123	feng wei cher	10
2677	desroches j.	10
3069	dudley j. w.	10
2653	aw e.-s.	10
1882	paullo l.	10
3068	hamza farrukh	10
2293	rezaei-gomari sina	10
2657	bordieanu marius	10
1651	chen chaohui	10
2403	emery t.	10
2292	henry p.	10
1653	sherman christopher s.	10
3055	gabriela avila m.	10
2032	mahmoudi mahdi	10
3053	carey w.	10
2412	yan z. g.	10
2672	yu m.	10
2041	izbinski k. t.	10
1644	bryant eric c.	10
2646	cheng arthur	10
3108	takach n. e.	10
1613	al kanaan adnan a.	10
2055	dosunmu adewale	10
2054	kabir c. s.	10
2393	sheng j.	10
1614	wright r.	10
1616	dai caili	10
1624	haihua yang	10
3083	barla m.	10
2644	fang jichao	10
3103	rodas j.	10
2051	hryb d.	10
3090	elsworth derek	10
2046	merletti german d.	10
2395	golovin e.	10
3049	shao lei	10
3044	zhou xiang-lian	10
2732	gaither michael	10
1659	parvizi hadi	10
1692	firme p.	10
3003	ibukun opeyemi	10
2225	guzman angelia	10
1695	shipman todd	10
1699	parotidis m.	10
1700	arkoosh a.	10
2283	li xiang	10
2999	manchanda ripudaman	10
2994	charry lina	10
2990	wei ooi zhon	10
1713	bateman richard m.	10
2230	seymour j. b.	10
2986	nabhani farhad	10
2983	chudnovsky a.	10
1975	dick p.	10
2499	lee dongkeun	10
2708	sanusi adewale	10
1684	maliassov s.	10
2011	christopher t.	10
3043	peng yusheng	10
3040	bahuguna somesh	10
2679	wang yuhe	10
3039	johnson s.	10
2682	francis k.	10
2686	kang hyeong-min	10
2413	von der hoya austin	10
1681	wang p.	10
2220	bolintineau d.	10
1996	romero c.	10
2222	baldini m.	10
1991	jelinek w.	10
2699	rutqvist jonny	10
2704	odagme samuel	10
1779	guo dai yu	10
3356	de grood rudy	10
295	mokdad belkhir	10
1300	vallejo dolores	10
253	bearinger doug	10
256	al-sultan ali	10
829	soliman mohamed y.	10
260	ekebafe abraham o.	10
825	vadapalli ravi	10
1082	pommier d.	10
265	moos daniel	10
1304	zhang h.	10
266	izadi ghazal	10
1299	jeanne pierre	10
250	haugen k. b.	10
463	holyk jordan	10
270	fu pengcheng	10
1086	meek robert	10
818	connell l. d.	10
458	xianwen li	10
278	yu j.	10
280	al-qahtani faris	10
1293	alonso a.	10
284	wang chaofeng	10
664	wiegand k. d.	10
1127	binazadeh mojtaba	10
482	anifowoshe olatunbosun	10
197	fadden m.	10
653	al-malki bandar	10
183	tovar juan	10
859	johnson scott,	10
857	hsu ding	10
998	huang h.	10
851	knight e. e.	10
847	patterson jason	10
1205	stormont j.	10
196	oster b.	10
1323	wang haotian	10
246	osouli a.	10
204	gland n. f.,	10
1073	al-mutairi m. d.	10
221	mekic natasa	10
1207	karnitz o.	10
236	roberts d. t.	10
237	aarons l. r.	10
240	yeung m. r.	10
1315	hayatdavoudi a. h.	10
242	guzzetti a. r.	10
1291	sy rex	10
292	ortega j. a.	10
294	syed anzar	10
1254	zamiran s.	10
763	bazunu gamaliel	10
405	crook a. j. l.	10
401	guo jun-jie	10
1106	bastidas a.	10
754	wright brian	10
751	cuervo sergio	10
1258	carvalho d. j.	10
358	zhang jun	10
361	abass hazim	10
362	kim min-seong	10
446	salahudin sharifudin	10
364	dhache ali	10
365	mccarty ried s.	10
703	yan zhihu	10
370	johnson j. c.	10
1251	kaiser trent m. v.	10
748	quispe r.	10
741	khoo boo cheong	10
383	mehdiyev akshin	10
712	todorovic j.	10
406	singh seemant	10
333	roehl d.	10
1267	marone chris	10
1097	geldof wilco	10
444	fekete paul	10
1119	peng r. d.	10
298	dokhani v.	10
443	linga praveen	10
306	too jun lin	10
688	dusterhoft r.	10
439	bosco s.	10
1229	pozdnyshev maxim	10
309	vire a.	10
429	el-sawah khaled	10
423	freesz m. p.	10
1118	yan yuan	10
313	feng zijun	10
315	oliveira g. d.	10
319	hume david	10
777	siddiqui s.	10
419	teran n.	10
327	laurent mosse	10
329	kitching david	10
481	munjiza a.	10
846	saffer demian	10
172	van thienen-visser k.	10
1025	zolfaghari ashkan	10
50	yaolan liu	10
558	ognane edgar mba	10
57	yang sheng	10
60	singh ankit	10
1145	williams d. j.	10
1369	dehghanpour hassan	10
1368	pain c. c.	10
66	martin l. a.	10
68	sawant k. g.	10
78	chang xin	10
1356	palmer andrew	10
622	farouk omar el	10
533	ebrahimi a.	10
94	miska s. z.	10
623	ge ying	10
926	chartier mark a.	10
102	mappanyompa ertiawati	10
521	hamzah nurul ezalina	10
626	itua osazua j.	10
631	yao ting	10
1373	yang t.	10
1375	orlic b.	10
612	wielemaker e. j.	10
948	crousse luisa	10
993	darous c.	10
592	uschner-arroyo natalie	10
1010	lechman j. b.	10
989	reyna juan	10
10	osayande nadine	10
987	mostafa hassan	10
569	tang yingzhe	10
1012	baudet beatrice anne	10
568	jiao yuwei	10
1162	shen luyi	10
596	savitski alexei a.	10
600	mcclure mark	10
1383	mohammadi reza	10
972	rao r. r.	10
969	dokht ramin h.	10
968	wu jianghui	10
966	ahmed basma ali	10
1164	biron azaumi	10
959	cao yang	10
518	hardy d.	10
927	poon becky b.	10
1354	domingues a.	10
119	barraza saul rivera	10
1048	steinhauser a. p.	10
503	zhang lu-lu	10
890	obara yuzo	10
498	guo l.	10
159	kim kwang-min	10
1340	fernandez m. e.	10
497	carrera l.	10
906	oh j.	10
640	alfi masoud	10
1346	salguero javier	10
885	mezzatesta alberto	10
492	hernandez r. m.	10
882	ju j. w.	10
1137	matzar l.	10
878	rinaldi antonio pio	10
1059	holderby e. s.	10
117	rajaram h.	10
484	qi qingxin	10
876	ng h.,	10
911	clark brian	10
108	nizamutdinov r.	10
595	jiaqing yu	8
654	yu l.	8
2443	hussein hoteit	8
713	lhomme tanguy	8
2346	liu j. s.	8
2507	jain vikas	8
2351	carlson m. r. (mike)	8
701	onaisi atef	8
2365	wang h. z.	8
651	turak j.	8
2421	makurat a. h.	8
707	cocco martin	8
2442	kimes l.	8
645	wei qingping	8
2363	lukin s.	8
650	kumar anjani	8
2370	ghamgoshar m.	8
647	germaine j. t.	8
723	akervoll i.	8
2417	davies graham	8
700	kulatilake p. h.s. w.	8
2419	frough o.	8
680	lowden dominic	8
2392	goncalves da silva b.	8
2468	wang y. g.	8
632	magdeyev i.	8
681	arns c. h.	8
2457	chalaturnyk rick	8
2473	chen j. y.	8
682	hy-billiot joelle	8
2389	adwait chawathe	8
652	lattibeaudiere michael g.	8
2387	ishikawa t.	8
634	raymond s.	8
666	deng hui,	8
2485	wang jiaqi	8
2487	li s. j.	8
2489	hamon gerald	8
2453	clayton r.	8
692	kurosawa isao	8
2495	gil i. r.	8
641	sarout j.	8
2496	li yanzun	8
657	sultan abdullah	8
2502	patterson robert	8
2416	detournay e.	8
695	scoble m.	8
2445	settgast r. r.	8
678	yuan feng	8
2344	koo ho-bon	8
1392	sone h.	8
2328	torres-verdin carlos	8
2096	liu y. r.	8
2059	streicher c.	8
2061	minkley w.	8
912	ni xiao	8
2066	saleh k.	8
2071	du kuifu	8
2073	al shehhi noora saeed	8
2080	reyes r.	8
2084	white robert	8
901	espinoza d. n.	8
2095	velo diego	8
893	babey andrew g.	8
729	barrow p. c.	8
2105	dubinya n.	8
889	hudyma n.	8
888	kallu r.	8
2111	fiore julien	8
2115	samoilov m.	8
883	shehri h. a.	8
2123	mund b.	8
2128	kam patrick	8
2132	li qianshan	8
2136	yin congbin	8
913	delorme m.	8
914	nassir mohammad	8
917	kreidl o. p.	8
2047	yoon sang-won	8
1943	tian s. c.	8
985	jiang ruizhong	8
981	walters dale a.	8
1958	vajargah ali karimi	8
1961	sanford s. r.	8
1963	mokhtari m.	8
973	stenebraten j. f.	8
960	hassane tharwat	8
957	xu s.	8
2000	medfouni e. b. i.	8
2001	yang q.	8
946	kim jong min	8
2007	szewczyk d.	8
944	rodriguez-herrera adrian	8
943	song kaoping	8
941	ludeling c.	8
938	liu j.	8
2027	eppler gary	8
2028	khanal a.	8
932	patel h.	8
930	yan s.h.	8
2139	linjian ma	8
867	hosseini z.	8
865	hol s.	8
799	behbahani seyed saleh	8
2243	sandbak l.	8
2246	amaral c. s.	8
792	hill david	8
790	bedrikovetsky pavel	8
2262	carageorgos t.	8
2266	kirk macivor	8
2268	baki sohrat	8
2273	rabinejadganji n.	8
774	calvin christina	8
771	dicarlo david	8
770	vidal-gilbert s.	8
759	rivas o.	8
758	jafarzade g.	8
2294	belotserkovskaya anna	8
752	yano shunsuke	8
749	kemp c.	8
2303	shin hyun soo	8
742	lee joonmo	8
734	altman r.	8
2318	alqam m. h.	8
2319	ahmed m.	8
2238	qian bin	8
2236	guo jianchun	8
853	bai mingxing	8
800	kumar d.	8
2163	zang jiali	8
839	fu bing	8
837	verma s. k.	8
836	simon janelle	8
2176	tutuncu a.	8
2177	mclennan john d.	8
2181	einstein h. h.	8
830	puyou gilles	8
2186	poiate jr e.	8
2188	chen youqing	8
826	mcgough m.	8
824	quintero c. g.	8
2202	wang yu	8
821	razavi omid	8
820	chen jianye	8
815	zeng y.	8
809	latham s.	8
807	dangla p.	8
806	zeng h.	8
586	onaisi a.	8
802	oar trevor t.	8
2526	pritchard timothy neil	8
2685	lee dickson	8
2531	lei zhengdong	8
3075	qin guan	8
195	alizadeh s. m.	8
3087	chen jin-hong	8
184	market jennifer	8
3094	kim kiju	8
177	lee jung-yub	8
3102	harris a.	8
3104	higo y.	8
169	lobo c.	8
3114	edwards stephen	8
3115	hussein ibnelwaleed	8
3116	pautt a.	8
3118	yale d. p.	8
3121	ning zhang	8
3122	selva f.	8
167	cruz l.	8
166	wang cong	8
3132	moss adam keith	8
3136	li yong	8
3140	bogachev k. yu.	8
3144	fourmeau m.	8
157	yu mengjiao	8
3150	tavanaei a. h.	8
3152	leung juliana y.	8
3078	carageorgos themis	8
3073	perdu g.	8
580	shaybakov a. l.	8
199	wu yu-shu	8
2935	baitalow felix	8
2957	abdulraheem a.	8
2959	xia xiangbo	8
2961	deng j. q.	8
273	yu c.	8
2964	huang zhaoqin	8
272	yu wei	8
269	le gonidec y.	8
2974	lee jangguen	8
2985	zhang he	8
261	chernyak v.	8
2991	dresen g.	8
2997	ryerson f. j.	8
3007	heminway evan m.	8
3009	zhu weishen	8
3014	passade-boupat n.	8
3015	normand l.	8
245	rios edmilson helton	8
243	wang fang	8
225	haidary s. a.	8
217	rietz dean	8
3047	dong ky anh	8
206	hazzard j.	8
149	trifu c. i.	8
3172	li yanchao	8
3175	yao h. l.	8
3184	manser martin	8
62	pereira a. m. b.	8
3287	wei mingzhen	8
3291	nadeem muhammad	8
3296	klein b.	8
3297	al hatou o. i.	8
45	deng yan	8
43	bossart p.	8
37	zhang lihui	8
33	aimene y.	8
3316	ferreira f. h.	8
3317	palermo t.	8
26	jie li	8
20	honorio jean	8
3327	ryu mincheol	8
19	cordelier philippe	8
3333	depouhon a.	8
12	dengen zhou	8
3339	selva federico	8
3340	mossop a. p.	8
7	hofmann michael h.	8
5	khvoenkova n.	8
3350	pyrak-nolte l. j.	8
2	takach nicholas	8
3276	jaakkola tommi	8
65	nei taoyi	8
3270	hu zhiping	8
3223	lu yinlong	8
3187	zhu w. c.	8
124	otegui j. l.	8
122	chen yuanhang	8
3190	johnson r. l.	8
120	chavez a. a.	8
118	zhou chao	8
106	chen zhangxin,	8
3218	mosse laurent	8
3219	zhang lin	8
3222	ishida tsuyoshi	8
105	keller e.	8
70	majidi reza	8
3230	abdulraheem abdulazeez	8
3235	wang tingting	8
100	liu z.	8
96	pengxian fan	8
3240	dyadechko v.	8
3247	moarefvand parviz	8
92	he xiaoming	8
85	abdesslam abba	8
3259	diaz helena gamero	8
79	rai a. r.	8
289	lecomte j. c.	8
2924	cagle adam	8
296	walters d.	8
447	pu hai	8
2647	karaoulanis f.	8
2648	zhang jianguo	8
496	zawila jeff s.	8
2662	fisher kevin	8
2668	al-arfaj mohammed k.	8
2676	subbiah surej kumar	8
485	deng qi	8
2683	karimi moji	8
477	hoang h.	8
476	chen yue	8
475	austin jack	8
474	zhang b.	8
2690	park young min	8
2691	kurdi mohammed	8
2692	luo jia,	8
2694	haddad mahdi	8
2696	cerasi p.	8
2701	wang s.	8
2702	ahmad samira	8
2711	sonika sonika	8
2713	zhang j. l.	8
2721	goshtasbi kamran	8
452	sun baojiang	8
506	mingyang wang	8
2640	broussard n.	8
2637	aldin munir	8
2591	parker justin	8
575	makinde i.	8
2540	dong jianhua	8
2560	dong j. h.	8
561	ren jichuan	8
559	olson jon e.	8
2568	molina a.	8
2575	he z. g.	8
555	bossie-codreanu d.	8
2582	serati m.	8
2587	gallagher p.	8
2595	pardemann robert	8
2633	opedal n.	8
536	pinnock i.	8
2601	uwiera michelle	8
526	sun jianpeng	8
2610	gong bin	8
520	wang shuo	8
2618	junwen w.	8
2620	zhengyun zuo	8
515	ahmad r.	8
2629	meyer bernd	8
2631	lai b. t.	8
448	collins d.	8
2733	xue l. j.	8
297	cazeneuve eduardo	8
441	saurav s.	8
355	bal a.	8
2860	naeimipour a.	8
344	gao chao	8
2866	domingues ana beatriz guedes	8
339	lichen zheng	8
336	akai takashi	8
2873	turner andrea	8
2874	xiaohan pei	8
335	xia muming	8
2882	yasuhara h.	8
2884	shi zhaorui	8
2886	shi p.	8
325	smith steve	8
2893	shen z. h.	8
320	shahriar k.	8
2903	fu p.	8
2904	joo young seok	8
2906	zhang qingchen	8
2908	macdonald adam	8
308	xu jianchun	8
307	hao sun	8
2912	gosavi s. v.	8
299	howell r. s.	8
360	xiong yi	8
2830	ning y.	8
374	he jun	8
2797	al-saihati ali	8
434	yale david p.	8
2755	zhu l.	8
2756	nassir m.	8
418	rahim nasir	8
2765	rajput s.	8
2783	li b. q.	8
2791	rivard p.	8
2792	amanullah md.	8
2795	gupta a. k.	8
397	van der linden a. j.	8
395	al-momin ali	8
380	mayer heinrich	8
394	buslaev george	8
2801	ottesen s.	8
2802	turak joseph	8
2803	el-hamawi mohamed	8
2807	wu b.	8
2808	wang rui	8
2809	novlesky alex	8
2813	sayyafzadeh mohammad	8
2817	kim jae-jeong	8
2820	hudson l.	8
1930	kishida k.	8
699	sun xiaokang	8
1570	fry m. f.	8
1621	zhou hao	8
1853	zuiderwijk p. m. m.	8
1297	baihly j. d.	8
1542	bedrikovetsky p. g.	8
1546	liu hui-hai	8
1551	kayumov rifath	8
1555	far mehdi	8
1559	tran van p.	8
1275	pei peng	8
1269	reinicke kurt m.	8
1075	dastkhan zohrab	8
1268	koutsabeloulis n	8
1577	butula k. k.	8
1260	costa p. v. m.	8
1582	jilin zhang	8
1592	mendez j. n.	8
1594	lewis richard	8
1250	arnold david m.	8
1603	kane a.	8
1248	ren xiang	8
1246	han guangwei	8
1243	yang b. q.	8
1819	bazan lucas w.	8
1618	chebyshev i.	8
1856	chen hanming	8
1306	lauranson d.	8
1858	de vasconcellos azeredo rodrigo bagueira	8
1497	liu tong	8
1474	zitha p. l. j.	8
1331	luzardo f.	8
1029	georgi d.	8
1330	fragachan franisco e.	8
1884	hegazy gehad	8
1041	liu h. h.	8
1489	wang lianguo	8
1878	iseley tom	8
1325	marongiu-porcu matteo	8
1496	oh min han	8
1044	eydinov d. a.	8
1519	xu ben	8
1322	liu hui,	8
1046	ahangari kaveh	8
1872	rostami j.	8
1870	laborie g.	8
1507	morris w.	8
1512	yin x. w.	8
1516	witkowsky jim	8
1055	balhoff matthew t.	8
1518	sandia marianella rojas	8
1056	mathis r. s.	8
1817	oshmarin r	8
1815	voloshchuk yury	8
1890	chen dingding	8
1623	sim woo seung	8
1780	hennes andrew m.,	8
1696	cooper peter	8
1697	eggenberger kurt	8
1160	sawada a.	8
1158	mechkak karim	8
1706	costa a. m.	8
1777	van oort eric	8
1774	moon joong soo	8
1710	tudge joanne	8
1155	senden t.	8
1152	sant randall	8
1151	badalyan alexander	8
1716	zhou dawei	8
1144	flint g. m.	8
1117	zhou hui	8
1727	hood j.	8
1732	lee john	8
1138	dyadechko v	8
1758	rahman k.	8
1122	zhao yulong	8
1130	li xiangfang	8
1746	alias abdul rahman mohd	8
1748	li zhennan	8
1694	moradian z.	8
1166	jang bo-an	8
1110	ozgen chet	8
1219	biscaro enrico	8
1625	shumila v.	8
1811	savage f.	8
1225	fluckiger samuel d.,	8
1632	omatsone ese n.	8
1095	armstrong j. a.	8
1640	lu z.	8
1222	georgi daniel	8
1220	tan min	8
1643	wang j. h.	8
1806	johnson ray	8
1804	kodjo s. a.	8
1172	wang kun,	8
1215	he z.	8
1800	li g. s.	8
1194	yu d. m.	8
1667	sansevero b.	8
1182	jiang tianmin	8
1672	rana p. s.	8
1107	chivvis robert	8
1677	last nigel	8
1789	miller camron	8
1174	xinjun m.	8
1888	piskovskiy e. v.	8
1753	guo chaohua	8
1445	khoshghadam m.	8
1896	yang baoquan	8
1398	nadolski s.	8
1362	vandamme m.	8
1011	chivvis r.	8
1439	pereira j.-m.	8
1909	nwosu nnadozie k.	8
1008	dou yuzhao	8
1372	kyzym i.	8
1027	malpani r.	8
1423	duchenne sebastien	8
1352	ellison j.	8
1360	paydayesh mehdi	8
1389	lee jong-hyun	8
1377	zhang guangqing	8
1370	middleton j.	8
1348	li shiyuan	8
1378	li shucai	8
1911	chen yuan	8
1914	winterfeld phil	8
1358	shankar p.	8
1014	zhou zaile	8
1906	kim youngseok	8
1388	bianchi g. l.	8
1391	fiore j.	8
1021	hasan gasser	8
1420	lindsay g.	8
1457	tugarova m.	8
1443	weatherwax t.	8
1193	nejadi siavash	6
2658	martiz a.	6
2671	tanaka shusei	6
48	salimzadeh s.	6
1192	vorobiev o. yu.	6
1187	white a.	6
486	schechter david s.	6
2681	weatherstone petrina	6
2670	li ya	6
3157	mitin a.	6
2654	smaoui r.	6
1181	islam arshad	6
1171	gates i. d.	6
2615	waragai t.	6
1380	masoumi h.	6
514	ezzedine s. m.	6
512	souche l.	6
2630	katsaga tatyana	6
46	ayers w. j.	6
1379	harbert william	6
1176	daoud mohamed	6
2634	dewers t.	6
2636	berntsen a. n.	6
1177	ziarani ali s.	6
2638	valley b. c.	6
1178	gray thomas	6
2641	zhang zhennan	6
1179	mendez freddy e.	6
3293	nie t. y.	6
2650	babak akbarnejad n.	6
2651	flores d.	6
500	labuz j. f.	6
472	dubnitskiy ivan	6
1195	lu c. p.	6
1430	fu w.	6
2742	ozbay u.	6
1226	rajabi mojtaba	6
2744	williams david j.	6
433	asghari r.	6
2747	ghahfarokhi r. barati	6
426	maulianda b. t.	6
424	birdsell d. t.	6
1231	samaniego s.	6
76	eaton d.	6
1201	su y.	6
420	sung w. m.	6
1364	hosseini o.	6
417	park duhee	6
416	tao jinghua	6
415	jang y.	6
81	gu h.	6
2767	rasouli v.	6
410	rahner r.	6
2740	pan yuanwei	6
1367	schneider brian	6
440	luna o.	6
2736	ostadhassan mehdi	6
1214	hu d.	6
1648	mas ivars d.	6
3286	clarkson c. r.	6
523	radakovic-guzina zorica	6
467	lee kun sang	6
51	nazem majidreza	6
466	datta-gupta akhil	6
2705	velilla j. d. u.	6
2707	gunther r.-m.	6
54	cui l.	6
1422	chambers kit	6
3278	yang qiang	6
2719	von lunen eric	6
2722	han tongcheng	6
450	vinassa m.	6
1634	kwon chang seop	6
1428	xiao y.	6
522	nikolinakou m.	6
544	goudarzi ali	6
532	zhou fujian	6
1721	lee s.	6
2464	clarkson christopher r.	6
2465	xu nicola	6
1728	li w.	6
3334	wang ruijia	6
2475	wang xinkui	6
2480	williams-kovacs j. d.	6
621	martelli d. c. g.	6
619	lima a.	6
1142	james cornwell a.	6
617	baig adam	6
1688	leung juliana	6
616	fonseca ernesto	6
615	josh matthew	6
1720	putro wiarto aryoso	6
15	trivedi japan j.	6
2498	melo d.d.e.f.	6
614	zhong j.	6
2500	mutairi saad m.	6
2501	puzrin alexander	6
613	simser b.	6
2461	behmanesh hamid	6
1729	aoues a.	6
636	wassing brecht b. t.	6
639	alam naureen	6
1752	fall m.	6
2415	paris martin j.	6
1129	kim hee taek	6
3352	brinkerhoff riley	6
1747	xue yanpeng	6
3349	king michael j.	6
2423	white b. w.	6
2429	hagan p	6
1133	ghai gagan	6
2434	knauth m.	6
2438	shimizu n.	6
1135	park kanghee	6
644	glenn l. a.	6
6	ghamgosar m.	6
1739	schreppers g.-j.	6
2444	oliveira raquel maia	6
1390	fitzmaurice megan	6
1734	trivedi japan	6
2452	richards alun	6
18	evans k. f.	6
2505	cuillier bruno	6
607	urosevic milovan	6
562	merry hoagie	6
2566	sausan sarah	6
1698	ghosh n.	6
3311	tiwari aditya	6
3309	simatupang zulfikar	6
1165	lacentre p.	6
557	torres david	6
1410	liu shengdong	6
2579	gheibi s.	6
554	rubtsova a.	6
1411	chau v. t.	6
2586	lu y. c.	6
550	cespa s.	6
2589	pirie iain	6
1691	peng shujun	6
3304	paredes r.	6
407	lee donald	6
543	donderici burkay	6
542	stead d.	6
534	osundina adekunle olayinka	6
2564	molenda m.	6
3313	lehrbass brad	6
1148	carter john p.	6
2550	lepage f.	6
605	ba&#382;ant z. p.	6
3328	song huifang	6
1386	hudec m.	6
589	shu biao	6
1385	zhang xiayang	6
29	zhao hua	6
2527	urbancic ted	6
588	zambrano-narvaez g.	6
1709	radonjic m.	6
2530	louison w.	6
2534	kaiser karl	6
30	liu g. j.	6
582	sondergeld c. h.	6
581	gaibor j.	6
1381	boamah m. a.	6
3314	luo h.	6
2541	tranchina enrico	6
573	hamdi p.	6
2546	rafiee mehdi	6
2771	deschamps benjamin	6
2785	shen guoyang	6
2774	morse stephen	6
121	kear james	6
1347	bromhal g.	6
1508	sastre j. p.	6
3028	carroll s. a.	6
3030	cartwright j. a.	6
234	gorucu s. emre	6
229	lanyon g. w.	6
228	smith m. m.	6
3036	jalali m. r.	6
227	benalcazar e.	6
3038	alberto w.	6
1619	zanganeh b.	6
213	park jeong-seon	6
3050	mattioli g. s.	6
212	ling kegang	6
210	wang bo	6
3056	brown j.	6
1459	baghbanan a.	6
1345	haftbaradaran r.	6
1502	li y.	6
1464	walton g.	6
3022	khoshnavaz mohammad javad	6
3021	o’connell p.	6
3011	lee sung wook	6
3010	dhamen ali abdullah al	6
264	bois axel-pierre	6
3205	vasco donald	6
2984	wong r. c.	6
1305	taneja s.	6
115	wassing b. b. t.	6
258	zhang chao	6
2992	papamichos e.	6
116	temizel cenk	6
2993	heidari sureshjani mohammadhossein	6
2995	alarcon nora	6
1307	liu changyin	6
2998	alber m.	6
1521	kresse o.	6
255	kuhlman k. l.	6
3004	taylor j. m.	6
3199	zhang xi	6
1350	jeffrey robert g.	6
3197	etcheverry pantxika	6
1308	anantokusumo ferry	6
202	pouya a.	6
3062	ahmed r. m.	6
3065	yadava k. p.	6
1486	buijze l.	6
1329	garvey r.	6
1481	luzuriaga k.	6
141	pullammanappallil s. k.	6
3117	khan khagan	6
3119	fokker peter a.	6
3167	mahmoud h. s.	6
146	colque j. n. perez	6
3131	foresti b. p.	6
1334	mccabe peter	6
165	herbold e. b.	6
3163	abdel sayed a. a.	6
3143	toro-alava j.	6
3147	nikolinakou m. a.	6
150	theodore r.	6
1335	kim seung-hyun	6
156	nasrabadi h.	6
1469	sherbeny wael el	6
1336	kim tae hong	6
152	edy i ketut oscar	6
3112	laverne t.	6
175	rezaei ali	6
3066	babin jacques	6
1327	hurich c.	6
134	zalam e.	6
200	nas lieuwe	6
1498	jin c.	6
135	nasir o.	6
137	walle l. e.	6
1495	yoon se-woong	6
193	suling wang	6
192	walls joel	6
3178	medina e.	6
3084	pu h.	6
3086	rucci a.	6
3088	stockhert f.	6
181	zakhour nancy	6
139	price gavin r	6
3096	gomes joao henrique bessa	6
1466	flottman t.	6
3098	tanjung erwindo	6
3099	johnson r.	6
3101	jin w.	6
2982	pandey v. j.	6
1527	morales adrian	6
1531	qu hongyan	6
1253	flemings p. b.	6
2838	tarakanov a.	6
3238	gasmi khaled	6
2843	hossain m.	6
1255	virues c.	6
1256	del conte s.	6
359	vorobiev o.	6
1257	hohman john	6
353	ghosh deva prasad	6
2854	dempsey d.	6
346	guo j.	6
345	rai c. s.	6
1584	gao h.	6
2864	erdogan sinem setenay	6
342	nikolaou michael	6
1583	ghamgosar morteza	6
2870	kaeng geovani c.	6
337	zhao tao	6
3231	varela-pineda alfonso	6
1580	kangxing dong	6
2836	holland j.	6
2826	huang zhiwen	6
3226	rodrigues r.	6
376	butler t.	6
3255	loizzo matteo	6
2780	wang l. g.	6
2784	gildin e.	6
3155	qi jie	6
89	antoun t. h.	6
1234	hall david	6
1615	blanco martin l.	6
2793	al-shalabi emad waleed	6
2799	kim j.	6
1242	pattinama j.	6
1609	markin maxim	6
1436	salam sajjad	6
2804	sanaei alireza	6
390	hume c. d.	6
1606	alban e. d. ascencios	6
3243	al-hashmy wamidh	6
95	birkholzer j. t.	6
1599	buchholz c.	6
379	satti iftikhar ahmed	6
1263	imqam abdulmohsin	6
2877	deo milind	6
2968	pichon s.	6
1453	bedrikovetsky p.	6
2934	verma sumit	6
1545	russum dave	6
2936	sun y. f.	6
2940	ekbote s.	6
286	huang hai	6
285	zhao g. f.	6
1292	nezich alexander	6
2947	buscarnera g.	6
2948	suarez m.	6
109	rodriguez l.	6
2952	campbell r.	6
277	palacios d.	6
276	jiang shu	6
1295	bryant s. l.	6
1537	taguchi k.	6
3209	martin c. derek	6
2966	zheng jun	6
271	kong bing	6
110	abugharara a. n.	6
288	bona andrej	6
290	ali syed shujath	6
2880	bozarth troy	6
1548	ruck m.	6
331	lecerf b.	6
1573	mayendra a.	6
1572	sato shinya	6
3221	villa f.	6
2411	choi jinsuk	6
1274	perez hector gonzalez	6
2899	hou junsheng	6
3220	rossi d. f.	6
1278	poeck e.	6
312	hudec m. r.	6
1564	nakashima s.	6
1558	kam dongjae	6
304	tabatabaie s. hamed	6
2915	romero m. a.	6
302	toyra j.	6
107	hebblewhite b.	6
3215	trubshaw r. l.	6
2926	xu guanshui	6
1550	richardson d.	6
1922	battistelli a.	6
2639	yoon h.	6
1108	madkour ali	6
958	mason h. e.	6
719	zhou jing	6
2016	yusoff wan ismail wan	6
721	fluckiger sam	6
1026	lins c. m. m. s.	6
722	fitzpatrick tony	6
1111	aray y.	6
2331	wainman carmine c.	6
2019	weng x.	6
803	cudjoe s. e.	6
801	morton kirsty	6
868	ertekin t.	6
2330	lotfollahi mohammad	6
724	west l. t.	6
725	lin yue	6
1814	coral l.	6
2021	daley thomas m.	6
2325	deisman n. d.	6
2023	grigg j.	6
870	lin xuejun	6
2024	anjos j. l. r.	6
2025	mammadov elvin	6
1092	hoesni m.jamaal	6
730	deredin r.	6
731	fokker p. a.	6
2029	sun zhiyu	6
2015	guimaraes l. j. n.	6
2014	li z.	6
804	paluszny a.	6
1998	esteban lionel	6
2352	huang lanying	6
2350	liu yaoru	6
951	borba a. m.	6
950	shahid arshad shehzad ahmad	6
2347	han f. s.	6
2221	horkowitz jack	6
1066	leung j.	6
1995	zamiran siavash	6
1113	gallagher jonathan	6
862	quintard m.	6
2149	huang shan	6
2342	minzheng jiang	6
1064	cheng li	6
2341	ge xiurun	6
1017	saydam s.	6
1018	amorer gabriel	6
2146	grasselli g.	6
2087	chan a. w.	6
2006	vorobyev vladislav	6
2008	hutheli ahmed h.	6
2336	zhang rusheng	6
2227	flemings p.	6
2228	guerrero monica	6
945	lushev mikhail	6
936	zimmerman r. w.	6
798	ferretti a.	6
872	zhou fengde d.	6
909	hao y.	6
2109	beygi mohammad r.	6
1877	kirk-burnnand e.	6
1797	power william l.	6
2108	paryani m.	6
1863	marfurt kurt j.	6
2287	fallahzadeh s. h.	6
767	hardy michael p.	6
2261	sitio aprianto	6
2284	rosener a.	6
1866	nairn j.	6
2072	simpson gary	6
908	yang yatao	6
781	hill andy	6
2079	kresse olga	6
2281	farahmand k.	6
895	yang x.	6
2099	tokuda n.	6
1799	zhou yangrui	6
904	erarslan nazife	6
1803	ali a. m.	6
1049	damjanac branko	6
2276	almarza t. j.	6
2094	alarcon bianca	6
1096	frei-pearson a.	6
887	verga francesca	6
1860	vieira t. s.	6
2241	zhu c.	6
1885	pan zhejun	6
2037	kwon oh joon	6
873	taleghani arash dahi	6
2133	sukovatyy v.	6
931	henschel michael d.	6
1061	tien y. m.	6
1809	mangeny aurelien	6
2130	cakmakci guray	6
2250	brenne s.	6
2309	hernandez angel	6
1786	gomes i.	6
2251	mitra r.	6
925	chul-hee lee	6
1879	defoort t.	6
924	razavi m.	6
2252	kwang-don joo	6
2126	wang liuqi	6
922	lozano c.	6
1788	cui albert	6
2124	shoemaker michael	6
2118	kumbhakar d.	6
1039	jalbout a.	6
2256	mlcak matthew	6
1057	varavei abdoljalil	6
782	maxwell s. c.	6
810	im k.	6
805	saputra reza	6
2090	herrera wilberth	6
2205	blanksma d. j.	6
1910	christie kyle	6
2197	nguyen p.	6
831	oak young-suk	6
1083	zhang w.	6
1936	yu bo	6
1081	perez gustavo	6
975	garces s.	6
997	tulu i. b.	6
1907	riahi azadeh	6
819	lu y. l.	6
1921	pan j.	6
1969	salinas g.	6
1089	osouli abdolreza	6
697	bachir a.	6
1393	puyang ping	6
1070	hawkes sarah	6
2209	breuer john	6
970	huang haibo	6
995	hinojosa g.	6
979	zhai zongyu	6
980	jelly john	6
2169	benamram z.	6
1835	mozley p.	6
986	tamburini a.	6
2175	shan dan	6
1760	obligado r.	6
835	tutuncu azra n.	6
1761	lackey g. d.	6
1759	konopelko a.	6
1120	biryukov denis	6
1836	laouafa f.	6
1834	shen xinpu	6
676	clennell ben	6
1824	olson jon	6
984	gholami amin	6
684	hows m. p.	6
2153	sherizadeh taghi	6
2204	anjos j. l.	6
1833	chalaturnyk richard j.	6
850	han xiuting	6
2376	tarokh a.	6
1944	rahmati ehsan	6
2217	howard c.	6
2404	ballard brian	6
1986	jang hwa-sup	6
2156	he shuai	6
702	mighani s.	6
1831	banerjee g.	6
2361	quinton aaron	6
1004	santos e. s. r.	6
670	giger s. b.	6
2360	lunn matthew g.	6
1925	campbell ryan	6
1927	salmachi alireza	6
1985	marschall p.	6
816	millard mark	6
1015	ong see hong	6
1983	zheng l.-n.	6
2192	wust raphael	6
705	de franca a. b.	6
1979	kuchuk fikri	6
965	vlachopoulos n.	6
1773	rushton david	6
2366	forbes m.	6
2369	arambulo v. h. soriano	6
672	sakamoto t.	6
1988	chen zuorong	6
709	soroush m.	6
964	deisman nathan	6
2180	barnhoorn a.	4
1854	suorineni f.	4
898	sepehrnoori k.	4
833	cheng h. h.	4
2120	aliabadian z.	4
3035	wang jiachen	4
1525	molnar c.	4
1830	olivares d.	4
881	parsa e.	4
1523	li jianbo	4
3017	stan&#283;k franti&#353;ek	4
257	ilk d.	4
338	sookprasong andy	4
1585	kyokawa h.	4
244	batzle michael	4
2859	indraratna b.	4
1310	veer e. f.	4
2980	hebblewhite b. k.	4
3020	thareja r.	4
343	yin x.	4
3013	sharafisafa m.	4
248	tovar francisco d.	4
891	maharidge r.	4
1076	vink jeroen c.	4
896	schuler m. soria	4
1317	dorji karma	4
2187	venkateshwaran r.	4
2182	eckert andreas	4
1513	parekh b.	4
3001	hashimoto r.	4
2855	rengel r. e.	4
2868	smith j. torquil	4
897	wallace scott	4
2925	he q.	4
2979	davila e. r.	4
2165	korneev v. a.	4
318	huang chung-kan	4
1840	roth k.	4
1072	merry hoagie,	4
2942	van der zee w.	4
2160	mildren scott d.	4
1280	de waal j. a.	4
310	al-shalabi emad w.	4
2941	zelig ravit	4
1561	bloomer stephen	4
2159	van der waldmann s.	4
2939	cappa f.	4
1069	rafeh f.	4
2911	ait-ettajer taoufik	4
1557	daher e.	4
2938	moreno r. b. z. l.	4
287	peeran syed	4
866	barrie r. e.	4
2932	fish barry	4
1283	perera m. s. a.	4
2148	klemetti t.	4
2150	richards d. p.	4
1067	park s. s.	4
300	teodorescu sorin gabriel	4
1286	kowalczyk matthew	4
1288	hatzor yossef h.	4
2896	powell d. d.	4
2140	tran huy n.	4
2978	sesetty varahanaresh	4
1271	gumus ferhat	4
2976	duroy y.	4
1578	wallace scott p	4
1302	pijaudier-cabot g.	4
1533	breunese j. n.	4
2878	jenkins andrew	4
2971	hurt r.	4
2879	rinaldi a. p.	4
2881	gerdes robert g.	4
1534	zhang q.	4
2969	fontanelli laurent	4
1060	ha j.	4
2963	logister r.	4
2883	koyama t.	4
1539	hoang dang n.	4
2956	hekmat a.	4
2171	alvarado j. l.	4
2954	blasingame t. a.	4
1294	shahin h. m.	4
328	ma j.	4
2949	zdraveva o.	4
843	velmurugan naveen	4
2138	shewalla mahendra	4
1270	nazari s.	4
1063	wallace scott p.	4
283	foroozesh jalal	4
1538	jones b. d.	4
2410	hasanov azar	4
1318	van der zee wouter	4
1442	robinson nigel	4
961	guo r.	4
1981	du h.	4
1361	awad mohamed omar	4
3245	mallick subhashish	4
3246	srinivasan s.	4
93	trussler r.	4
3249	sminchak j.	4
91	dickson p. a.	4
1435	wang j.	4
84	moghaddam rasoul nazari	4
3261	surjaatmadja j. b.	4
1365	loughry* donny	4
1431	pride s. r.	4
3267	sandy adam	4
1971	lawal kazeem a.	4
971	tran xuan v.	4
3273	hoeink tobias	4
1441	migliazza m. r.	4
3234	sonnenthal eric l.	4
2009	peacock joshua	4
1902	ghorbani javad	4
2005	fatehi marji m.	4
1897	collins p. w.	4
2002	young j. e.	4
1898	hoeink t.	4
114	lee m. y.	4
112	karanikas j. m.	4
111	bello hector	4
1997	miguel dennis	4
949	schechter david	4
3213	eshkalak mohammad o.	4
1994	pankaj p.	4
1351	zoback m. d.	4
952	lopez bruno	4
1016	osinga s.	4
3225	aminian kashy	4
3227	gray ken	4
3229	nakai t.	4
3275	butula k.k.	4
1013	cheesman a.	4
3279	epps david	4
63	oruganti yagnadeepika	4
1382	perez j. a.	4
1940	dorji kencho	4
1919	xia k. w.	4
27	gallyamova d.	4
3323	kalhor mohammadi m.	4
21	mathur prakhar	4
1937	bakker t.	4
1403	tahmasbi nowtaraki k.	4
3330	ter heege j. h.	4
13	guo quanxin	4
1399	romero m.	4
1928	wieczorek k.	4
3342	shadravan arash	4
3343	sharma radhey s.	4
1397	deo m.	4
3347	simon c.	4
3354	arndt stephan	4
1941	ferrero a. m.	4
3315	hu m.	4
991	tibbett j. d.	4
1954	choi jongweon	4
1966	preisig g.	4
1371	izurieta a. j.	4
1962	brown e. t.	4
3289	wong george k.	4
3292	wu j.	4
1913	klyubin a.	4
3294	heidari zoya	4
1413	li qi	4
1009	thanoon david	4
44	aderibigbe aderonke	4
3301	williams j.	4
1949	kristiansen tron golder	4
39	adetoye babagbemi s,	4
1948	dosunmu adewale,	4
3307	stankus john	4
1916	lewis b. j.	4
3194	zoback mark. d.	4
2010	beg najam a.	4
3042	najafi a.	4
3077	cheng yuqing	4
2065	garipov t. t.	4
189	taghipoor siavash	4
2063	malik mayank	4
185	mittal rohit	4
2062	jimenez miguel	4
1326	kasumov ruslan	4
2060	zhou xuejun	4
3093	ameri samuel	4
1043	mcchesney matthew d.	4
3097	gu zhiqiang	4
916	fleming graham	4
3100	cosgrove john	4
1033	hurt robert	4
921	naranjo a.	4
173	lee b. t.	4
1079	liu xiaolong	4
3107	gordon peter a.	4
1493	hossaini mohammad	4
3076	quirein john a.	4
1461	mkpoikana r.	4
2068	forrest james	4
218	sarker bhaba r.	4
1320	al duhailan mohammed a.	4
216	nakaya masashi	4
215	gandomkar a.	4
214	bachrach ran	4
2085	wallace t. j.	4
1871	roche v.	4
2083	abedi r.	4
208	kikumoto m.	4
2082	suryadi hendrik	4
3061	shimamoto tatsuo	4
2076	gale julia f.	4
3063	nelskamp s.	4
910	garner b.	4
1499	muhlbauer j.	4
1875	vachaparampil alex	4
3070	dahroug ahmed	4
1328	mcburney cameron	4
170	gadallah khaled	4
1484	jaiswal priyank	4
3113	skinner james t.	4
2034	bawden w. f.	4
934	vines rob	4
153	almarza t.	4
2030	gala deepen p.	4
151	al-hashem hisham	4
1889	alzate-espinosa g. a.	4
3158	ochoa-cornejo f. a.	4
937	marketos g.	4
3162	shukla khemraj	4
3165	gonzalez-chavez miguel	4
3171	blyton christopher a. j.	4
2020	silva a.	4
3173	muntendam-bos a. g.	4
1337	connolly peter	4
3176	garcia-fresca beatriz	4
130	zhang fengshou	4
3186	wong sau-wai	4
158	friedheim james	4
1471	hosseini boosari s. sina	4
160	castelli r. j.	4
3128	eisner leo	4
1483	cohen charles-edouard	4
2049	kim t. h.	4
923	aghabozorgi shokoufeh	4
3120	morales l. f.	4
2042	hegazy gehad m.	4
3124	rundle r. t.	4
3126	yang l.	4
3129	skomorowski n.	4
161	fleenor steven	4
3130	labuz j.f. j. f.	4
928	esna ashari s.	4
1887	ming wu ivan zhia	4
2039	shuck ted	4
164	milushiva liubov	4
3137	sheibani farrokh	4
162	yang yi	4
352	leonardi c. r.	4
0	jamison dale e.	4
1771	al-mutairi moute'a	4
2343	kemeny j.	4
778	hsu k. s.	4
2269	van der baan m.	4
2695	castro r.	4
599	ardislamova d.	4
1647	herwanger jorg v.	4
2405	mroueh h.	4
597	beg dr najam	4
1209	petit p.	4
2519	cladouhos trenton	4
2424	hedayat a.	4
1206	al-rabeh majed	4
2687	zhang jinwang	4
1654	peeran syed m.	4
593	valiveti dakshina m.	4
1200	bottrill andrew d.	4
1132	miller j. f.	4
772	hegde chiranth m	4
1189	yousefzadeh adam	4
2675	clemmons crystal	4
2673	quintero y.	4
649	yarahmadi bafghi a. r.	4
1156	paz f. j.	4
1098	karnugroho ardia	4
2532	hill a. daniel	4
490	ozkan e.	4
1188	wei na	4
583	ma jinrong (kevin)	4
2514	sun jianlei	4
1805	mustafa m. a.	4
1216	fang y.	4
2494	boniface oriji a,	4
2488	burlon s.	4
2727	kinik koray	4
1638	wang qinghua	4
2723	janszen m.	4
668	valdes clotilde chen	4
2371	hoedeman g. c.	4
1639	ghamdi yasser	4
455	sawada sumiyuki	4
2718	wei pang	4
1768	omidi o.	4
461	zijp m. h. a. a.	4
2492	kuroda shintaro	4
1769	weaver sophia	4
2511	prasad manika	4
2497	klingensmith brandon c.	4
1115	hernani j.	4
2317	kizilbash m. h.	4
2710	rojas cesar	4
1147	mhiri a.	4
1772	pan p. z.	4
2709	al ajmi moudi f.	4
2260	roberts earl h.	4
655	abu ahmad yousif	4
704	cladouhos t.t.	4
603	mohamed k. m.	4
2264	calderon z.	4
1778	rabeie m.	4
1157	mookanahallipatna r. l.	4
646	lander l. a.	4
495	ait-ettajer t.	4
1163	mohanty b.	4
2304	gu quanzhong	4
2570	saber o.	4
517	ranjith p. g.	4
746	smith john r.	4
743	khasawneh y.	4
2619	haddad m.	4
1682	alvarez l. l.	4
2572	valderrama yahir	4
2310	crockford a. m.	4
2578	blue aaron	4
1785	romensky e. i.	4
525	george m. f.	4
2608	feng xia-ting	4
1686	koutsabeloulis n.	4
1781	huang s.	4
1687	sklar l.	4
2602	shimo m.	4
737	mcginley mark	4
552	vuurboom r.	4
673	higgs nigel	4
2585	drake henrik	4
1170	terheege j. h.	4
2597	piedrahita jaime	4
549	eme c.	4
1169	dorovsky v. n.	4
1784	riley m.	4
2563	sone hiroki	4
509	gaafar gamal ragab	4
1	irawan fikri	4
2551	nagel neal	4
1185	gardner w. p.	4
715	ehlig-economides c. a.	4
2543	spiers c. j.	4
572	elsworth d	4
716	stewart penny	4
2285	gray k e	4
570	shimaya s.	4
2652	noufal abdel wahab	4
766	mookanahallipatna lakshmikantha	4
1159	nakagawa s.	4
1670	hegde chiranth	4
718	zhang l. y.	4
567	cherukuri sivakumar	4
2632	khaddour f.	4
2436	hidayat andri m.	4
2643	chen r.	4
2555	rehman abdullah	4
2556	moore robert	4
1006	tendo fidelis	4
563	fontanelli l.	4
2295	hull robert a.	4
2559	nikolskiy d. v.	4
2298	alsalman m. e.	4
1134	salehi s.	4
1701	shmakov alexander	4
1791	diller david e.	4
1223	bobet a.	4
733	lin gao	4
2794	rathnaweera t. d.	4
1139	tallin andrew g.	4
2790	kias e.	4
2201	rutledge j. m.	4
2448	zhou j.	4
2463	shedid shedid a.	4
659	dussealut m. b.	4
690	utsuki shinji	4
1617	umholtz n.	4
2466	winberg anders	4
2467	gregoire d.	4
2788	tetegan gerard	4
2787	sulca g.	4
1598	longman mark	4
812	bachiri salim	4
1596	umili g.	4
823	rodriguez l. a.	4
2782	gono valerie	4
404	warren s. n.	4
2380	yang byongcheon	4
2224	dosunmu a.	4
2385	lee don	4
2832	enayatpour s.	4
2833	xiao xiaohui	4
2776	unnam j.	4
2216	hegde chiranth m.	4
1236	stroisz a. m.	4
630	jechumtalova zuzana	4
1240	najm ehab	4
384	modiriasari a.	4
1140	li p.	4
1602	ramirez ivan	4
385	liu jun	4
386	sandbak l. a.	4
387	xia k.	4
2459	feng x. t.	4
2206	sloan scott w.	4
1763	mehrabian amin	4
388	han jiahang	4
2210	al-hawi maan	4
683	plazas f.	4
1608	kowalczyk peter	4
1091	dutko m.	4
2213	suorineni f. t.	4
2214	moridis g. j.	4
2462	meighan hallie e.	4
2388	sonnenberg stephen a.	4
1087	aybar umut	4
1611	taraghikhah s.	4
2450	chan dave	4
378	sarshar sacha	4
1241	vtorushin e. v.	4
1620	reddy liliia	4
2778	aimene e. y.	4
1080	liu fushen	4
438	bolchover paul	4
797	lal manish k.	4
1230	govers r. m. a.	4
2477	rincones m. d.	4
431	raziperchikolaee s.	4
2478	lee k. s.	4
2440	toomey aoife	4
1093	palmer ian	4
1123	pruiksma j. p.	4
2193	fathi ebrahim	4
796	salimgareeva e.	4
794	ji w. w.	4
2845	clark g. t.	4
2752	sitar n.	4
1725	chester f. m.	4
1094	babu vinay	4
1141	zhu ding	4
2482	taylor kevin. g.	4
2396	ghassemi a.	4
2249	tinnin beau	4
827	guo boyun	4
675	fox aaron	4
1723	larsen i.	4
2849	myers m. t.	4
1633	richert volker	4
625	maejima t.	4
1731	kovacich j. r.	4
1593	hertes u.	4
409	thirukumaran s.	4
1136	tchelepi h. a.	4
1812	sharf-aldin m. h.	4
1232	mcallister richard. t.	4
367	standifird william	4
1764	czaikowski o.	4
2757	sharifzadeh m.	4
421	zamirian mehrdad	4
2772	mogilevskaya s. g.	4
366	dowd d.	4
2235	voskov d. v.	4
411	gracie r.	4
2474	fu j.,	4
2447	chorney d. r.	2
2321	bradley c. r.	2
3183	norbeck j. h.	2
1782	nagano y.	2
1950	li d.	2
133	zhang y. d.	2
3302	akdas h.	2
3169	irani mazda	2
1168	orangi a.	2
996	bustos j.	2
3166	chen chia-rong,	2
726	fokker peter	2
2561	jamili ahmad	2
2573	samuel robello	2
1733	zhai jinyuan	2
32	jones t.	2
140	aral m. m.	2
3312	akkutlu i. yucel	2
553	slatt roger m.	2
642	prevost j. h.	2
2399	curnow jennifer s.	2
2571	xiong j.	2
1121	li kaifang	2
1935	lee sangyup	2
2569	peirce a. p.	2
727	annavarapu s.	2
3264	ai jun	2
1344	bui binh t.	2
1426	diaz arturo	2
2518	barzegar m.	2
1444	devegowda deepak	2
3232	li jiliang	2
2472	iyer jaisree	2
1726	ye ruichao	2
1741	huang haiying	2
2378	kwok c. y.	2
706	duan k.	2
98	meehan nathan	2
674	mueller martin	2
64	shuhong wu	2
2364	danilov v. n.	2
1964	marcum dale r.	2
2367	pu hui	2
3252	santos e. s. raggio	2
1905	espinosa a. e.	2
3271	zoback mark	2
1974	lee c. l.	2
3268	kumar ashutosh	2
3258	xu shaochuan	2
1363	hailong liu	2
3260	predein andrey	2
1767	ma jianfu	2
1973	andreassen k. a.	2
3228	abell b. c.	2
2469	xu y.	2
565	mcclure m. w.	2
2486	wasaki asana	2
2012	cai m.	2
1952	sobornov k. o.	2
566	donnelly john	2
3193	miska stefan z.	2
2548	yang daniel	2
947	galouei m.	2
3295	sayar paul	2
113	mcpherson r.	2
2544	sharma m. m.	2
3206	vargas-guzman j. a.,	2
2339	gavin k.	2
3212	elkhoury jean e.	2
594	shine joe	2
3326	wallace john m.	2
3214	vahedifard f.	2
689	serati mehdi	2
1959	gates ian	2
1448	li yinghui	2
2349	ley shreya b.	2
711	bunger andrew p.	2
590	carrasco javier	2
977	morris alan	2
1359	landeros p. p.	2
1711	esterhuizen g. s.	2
2172	dontsov e. v.	2
505	rowland rupert	2
3153	marques e. a. g.	2
2254	hveding frode	2
1637	liang dongfang	2
1128	poisel rainer	2
2125	f. o. lima falcao	2
2730	thompson j.	2
1396	bedayat h.	2
1001	kosset talgat b.	2
1224	al-alwan a.	2
791	nagarajan n. r.	2
2127	rangriz shokri alireza	2
2739	jin lei	2
1298	beinssen konrad	2
874	tian chuan	2
275	mortezaei k.	2
2242	manchanda r.	2
430	wei zhi-jun	2
1062	gharehdash s.	2
2137	biswas partha	2
2981	derek martin c.	2
879	klykov pavel	2
933	ameen siyamak	2
263	zhang zhenyu	2
780	mohamadi m.	2
465	park e. s.	2
1054	younessi ahmadreza	2
251	kalra s.	2
3005	sheng james j.	2
1520	yurdakul m.	2
2110	stroisz a.	2
2259	miller h. b.	2
3000	neil david t.	2
1861	milwertz helge	2
2712	li xiaorong	2
886	likrama fatmir	2
2996	odigi minapuye i.	2
2714	lacazette alfred	2
456	atkinson c.	2
1058	lin a.	2
786	behnia d.	2
1622	oyarhossein m.	2
2762	raziperchikolaee samin	2
2232	sabey j.	2
412	jamaloei b. yadali	2
1839	sun yixuan	2
330	stanchits sergey	2
2818	nagel n. b.	2
1249	espinosa e. a.	2
665	shou k. j.	2
1265	harrison j. p.	2
2824	zvarivadza t.	2
822	panda b. b.	2
368	vargas-murillo b.,	2
834	abdelkarim ahmed	2
2198	dahi taleghani arash	2
2837	ding xiaobin	2
2839	arthur f. a.	2
1394	akbarzadeh y.	2
2185	mishra srikanta	2
2191	preece dale	2
351	chen hamn-ching	2
845	jiang c.	2
2892	babazadeh mohsen	2
3353	steedman d. w.	2
1554	akutagawa s.	2
1816	trillo enrique m.	2
2144	ge y. f.	2
1065	xu z.	2
2777	oyibo a.	2
4	horne r. n.	2
1549	wang mingyuan	2
403	vargas-guzman j. a.	2
1845	wang yin	2
2812	ali tariq a.	2
2918	shadravan a.,	2
301	papanastasiou p.	2
2408	de hoop maarten v.	2
1560	coflin k.	2
1281	williams omolara	2
2207	popp t.	2
317	arogun olubunmi	2
2703	jacobsen per christian	2
2265	ehlig-economides christine	2
9	sesetty v.	2
2621	xu jinze	2
1109	bai j.	2
1931	ruiz r.	2
3109	yang ruilin	2
2850	sukumar n.	2
2052	dutta jayanta	2
919	shao siyi	2
753	sinha sankhaneel	2
2635	lin avi	2
2297	ahmadabadi morteza	2
2058	babadagli tayfun	2
2427	sousa b. r.	2
1104	vera f.,	2
756	noufal abdelwahahb	2
3091	zhang lianyang	2
1490	ito t.	2
1491	moreno g. a.	2
1401	manso g. a.	2
1175	crampton r.	2
1683	zhang z. x.	2
1101	chugh yoginder p.	2
2616	singh a. r.	2
541	awasthi amit	2
2036	liu guoqing	2
537	momta prince s.	2
1472	pournik m.	2
735	yilmazkaya e.	2
3141	machijima y.	2
1473	ge m.	2
740	amarzguioui morad	2
163	surjaatmadja jim b.	2
2605	orozco daniel	2
2607	chumkratoke c.	2
1685	amani mahmood	2
1933	mclaskey g. c.	2
3127	chinyowa w. c.	2
1333	macciotta renato	2
2428	rassouli f. s.	2
1478	rahman sheik s	2
3337	mishra brijes	2
1671	senthilnathan s.	2
468	sanchez-nagel m. a.	2
2649	heasley k. a.	2
3052	mandewalkar pavan	2
1663	he w.	2
1503	fortin jerome	2
2278	bozorgzadeh n.	2
2425	wu x.	2
1505	quispe cerna c. k.	2
222	pyrak-nolte laura j.	2
2272	dunn-norman s.	2
2089	horne roland n.	2
2092	porturas francisco	2
1212	xue yuting	2
1047	ozcelik y.	2
669	garriz a. e.	2
2271	pu s. t.	2
473	quintero* jorge	2
1314	wang s. f.	2
471	bostadlokken espen	2
489	bansal r. s.	2
207	sellman erik	2
3058	he xuzhen	2
907	kamali a.	2
194	urban edgar	2
2067	morgan w. e.	2
2655	park d.	2
3074	stephenson b.	2
1876	wan r. g.	2
2070	lu guanyi	2
3071	ye b.	2
769	arosio umberto e.	2
2659	dahi taleghani a.	2
2660	wang junjian	2
2661	zou fuge	2
3064	shafie zadeh nadia	2
2664	amro mohammed	2
3338	yue qian-jin	2
2282	lockner d. a.	2
491	lewis bryan j.	2
2437	serra de souza a. l.	2
22	ogochukwu benyeogor	0
1586	akl s. a.	0
2373	schreppers g.	0
3241	davies a. g. l.	0
2091	abouelresh mohamed o.	0
3029	cui esther	0
3026	barba robert e.	0
1514	capdeville-perez felipe	0
2104	da silva j. f.	0
262	soldo juan	0
1636	galarraga m. a.	0
2731	german mike	0
2973	gaiser james	0
274	wang joseph s. y.	0
1818	villalobos s. a.	0
856	verde a.	0
2815	zvarivadza t	0
2827	deng j.	0
2862	grechka vladimir	0
479	wilson kurt	0
2275	edmiston j. k.	0
493	carpenter chris	0
2583	aristarkhov anton	0
2508	van der horst juun	0
2513	beck d.	0
1114	fayed a. l.	0
2535	maleki h.	0
1020	meddaugh w. scott	0
144	miller guindon leah	0
1467	alpak faruk o.	0
2291	konni ganapathi rao	0
3159	mauldon m.	0
524	hosseini amir h	0
1332	wilson adam	0
511	sadagah b. h.	0
1488	izgec bulent	0
1103	hoedeman gerco	0
3105	henning j. g.	0
